[{"model": "admin.logentry", "pk": 1, "fields": {"action_time": "2022-09-26T01:38:55.615Z", "user": 1, "content_type": 7, "object_id": "1", "object_repr": "Product object (1)", "action_flag": 1, "change_message": "[{\"added\": {}}]"}}, {"model": "admin.logentry", "pk": 2, "fields": {"action_time": "2022-09-26T02:24:40.744Z", "user": 1, "content_type": 7, "object_id": "1", "object_repr": "Airpods Wireless Bluetooth Headphones", "action_flag": 2, "change_message": "[{\"changed\": {\"fields\": [\"Image\"]}}]"}}, {"model": "admin.logentry", "pk": 3, "fields": {"action_time": "2022-09-26T02:37:23.852Z", "user": 1, "content_type": 7, "object_id": "1", "object_repr": "Airpods Wireless Bluetooth Headphones", "action_flag": 2, "change_message": "[{\"changed\": {\"fields\": [\"Price\"]}}]"}}, {"model": "admin.logentry", "pk": 4, "fields": {"action_time": "2022-09-26T02:39:43.970Z", "user": 1, "content_type": 7, "object_id": "2", "object_repr": "iPhone 11 Pro 256GB Memory", "action_flag": 1, "change_message": "[{\"added\": {}}]"}}, {"model": "admin.logentry", "pk": 5, "fields": {"action_time": "2022-09-26T02:40:49.612Z", "user": 1, "content_type": 7, "object_id": "3", "object_repr": "Cannon EOS 80D DSLR Camera", "action_flag": 1, "change_message": "[{\"added\": {}}]"}}, {"model": "admin.logentry", "pk": 6, "fields": {"action_time": "2022-09-26T03:08:59.697Z", "user": 1, "content_type": 7, "object_id": "4", "object_repr": "Sony Playstation 4 Pro White Version", "action_flag": 1, "change_message": "[{\"added\": {}}]"}}, {"model": "admin.logentry", "pk": 7, "fields": {"action_time": "2022-09-26T03:10:05.263Z", "user": 1, "content_type": 7, "object_id": "5", "object_repr": "Logitech G-Series Gaming Mouse", "action_flag": 1, "change_message": "[{\"added\": {}}]"}}, {"model": "admin.logentry", "pk": 8, "fields": {"action_time": "2022-09-26T03:11:00.493Z", "user": 1, "content_type": 7, "object_id": "6", "object_repr": "Amazon Echo Dot 3rd Generation", "action_flag": 1, "change_message": "[{\"added\": {}}]"}}, {"model": "admin.logentry", "pk": 9, "fields": {"action_time": "2022-09-26T03:11:15.924Z", "user": 1, "content_type": 7, "object_id": "4", "object_repr": "Sony Playstation 4 Pro White Version", "action_flag": 2, "change_message": "[{\"changed\": {\"fields\": [\"Image\"]}}]"}}, {"model": "admin.logentry", "pk": 10, "fields": {"action_time": "2022-09-26T03:28:12.163Z", "user": 1, "content_type": 7, "object_id": "1", "object_repr": "Airpods Wireless Bluetooth Headphones", "action_flag": 2, "change_message": "[{\"changed\": {\"fields\": [\"Price\"]}}]"}}, {"model": "admin.logentry", "pk": 11, "fields": {"action_time": "2022-09-26T03:28:31.115Z", "user": 1, "content_type": 7, "object_id": "1", "object_repr": "Airpods Wireless Bluetooth Headphones", "action_flag": 2, "change_message": "[{\"changed\": {\"fields\": [\"NumReviews\"]}}]"}}, {"model": "admin.logentry", "pk": 12, "fields": {"action_time": "2022-09-26T03:28:51.897Z", "user": 1, "content_type": 7, "object_id": "1", "object_repr": "Airpods Wireless Bluetooth Headphones", "action_flag": 2, "change_message": "[{\"changed\": {\"fields\": [\"CountInStock\"]}}]"}}, {"model": "admin.logentry", "pk": 13, "fields": {"action_time": "2022-09-26T03:29:07.260Z", "user": 1, "content_type": 7, "object_id": "1", "object_repr": "Airpods Wireless Bluetooth Headphones", "action_flag": 2, "change_message": "[{\"changed\": {\"fields\": [\"CountInStock\"]}}]"}}, {"model": "admin.logentry", "pk": 14, "fields": {"action_time": "2022-09-26T03:30:06.524Z", "user": 1, "content_type": 7, "object_id": "7", "object_repr": "Sony ZVe10", "action_flag": 1, "change_message": "[{\"added\": {}}]"}}, {"model": "admin.logentry", "pk": 15, "fields": {"action_time": "2022-09-26T03:30:22.382Z", "user": 1, "content_type": 7, "object_id": "7", "object_repr": "Sony ZVe10", "action_flag": 2, "change_message": "[{\"changed\": {\"fields\": [\"Rating\"]}}]"}}, {"model": "admin.logentry", "pk": 16, "fields": {"action_time": "2022-09-26T04:45:26.118Z", "user": 1, "content_type": 7, "object_id": "7", "object_repr": "Sony ZVe10", "action_flag": 2, "change_message": "[{\"changed\": {\"fields\": [\"Image\"]}}]"}}, {"model": "admin.logentry", "pk": 17, "fields": {"action_time": "2022-09-26T10:42:19.278Z", "user": 1, "content_type": 4, "object_id": "1", "object_repr": "ghost", "action_flag": 2, "change_message": "[{\"changed\": {\"fields\": [\"First name\", \"Last name\"]}}]"}}, {"model": "admin.logentry", "pk": 18, "fields": {"action_time": "2022-09-26T11:15:11.794Z", "user": 1, "content_type": 4, "object_id": "2", "object_repr": "Yash", "action_flag": 1, "change_message": "[{\"added\": {}}]"}}, {"model": "admin.logentry", "pk": 19, "fields": {"action_time": "2022-09-26T11:16:22.662Z", "user": 1, "content_type": 4, "object_id": "2", "object_repr": "Yash", "action_flag": 2, "change_message": "[{\"changed\": {\"fields\": [\"First name\", \"Last name\", \"Email address\"]}}]"}}, {"model": "admin.logentry", "pk": 20, "fields": {"action_time": "2022-09-26T11:17:56.062Z", "user": 1, "content_type": 4, "object_id": "2", "object_repr": "Yash", "action_flag": 2, "change_message": "[{\"changed\": {\"fields\": [\"Active\", \"Staff status\"]}}]"}}, {"model": "admin.logentry", "pk": 21, "fields": {"action_time": "2022-09-26T11:18:45.916Z", "user": 1, "content_type": 4, "object_id": "2", "object_repr": "Yash", "action_flag": 2, "change_message": "[{\"changed\": {\"fields\": [\"Active\"]}}]"}}, {"model": "admin.logentry", "pk": 22, "fields": {"action_time": "2022-09-26T11:19:19.776Z", "user": 1, "content_type": 4, "object_id": "2", "object_repr": "Yash", "action_flag": 2, "change_message": "[{\"changed\": {\"fields\": [\"Staff status\"]}}]"}}, {"model": "admin.logentry", "pk": 23, "fields": {"action_time": "2022-09-26T13:06:34.461Z", "user": 1, "content_type": 4, "object_id": "2", "object_repr": "Yash", "action_flag": 2, "change_message": "[{\"changed\": {\"fields\": [\"Email address\"]}}]"}}, {"model": "admin.logentry", "pk": 24, "fields": {"action_time": "2022-09-26T13:07:49.569Z", "user": 1, "content_type": 4, "object_id": "2", "object_repr": "yash@gmail.com", "action_flag": 2, "change_message": "[{\"changed\": {\"fields\": [\"Email address\"]}}]"}}, {"model": "admin.logentry", "pk": 25, "fields": {"action_time": "2022-09-26T13:08:10.201Z", "user": 1, "content_type": 4, "object_id": "3", "object_repr": "jhondd@email.com", "action_flag": 2, "change_message": "[{\"changed\": {\"fields\": [\"Username\", \"Email address\"]}}]"}}, {"model": "admin.logentry", "pk": 26, "fields": {"action_time": "2022-09-26T13:08:19.724Z", "user": 1, "content_type": 4, "object_id": "3", "object_repr": "jhon@email.com", "action_flag": 2, "change_message": "[{\"changed\": {\"fields\": [\"Email address\"]}}]"}}, {"model": "admin.logentry", "pk": 27, "fields": {"action_time": "2022-09-27T09:45:28.643Z", "user": 1, "content_type": 4, "object_id": "5", "object_repr": "test@test.com", "action_flag": 1, "change_message": "[{\"added\": {}}]"}}, {"model": "admin.logentry", "pk": 28, "fields": {"action_time": "2022-09-27T09:45:39.312Z", "user": 1, "content_type": 4, "object_id": "5", "object_repr": "test@test.com", "action_flag": 2, "change_message": "[{\"changed\": {\"fields\": [\"First name\", \"Last name\"]}}]"}}, {"model": "admin.logentry", "pk": 29, "fields": {"action_time": "2022-09-27T09:45:51.071Z", "user": 1, "content_type": 4, "object_id": "5", "object_repr": "test@test.com", "action_flag": 2, "change_message": "[{\"changed\": {\"fields\": [\"Email address\"]}}]"}}, {"model": "admin.logentry", "pk": 30, "fields": {"action_time": "2022-09-27T10:02:07.170Z", "user": 1, "content_type": 4, "object_id": "6", "object_repr": "Alpha", "action_flag": 1, "change_message": "[{\"added\": {}}]"}}, {"model": "admin.logentry", "pk": 31, "fields": {"action_time": "2022-09-27T10:02:29.349Z", "user": 1, "content_type": 4, "object_id": "6", "object_repr": "alpha@alpha.com", "action_flag": 2, "change_message": "[{\"changed\": {\"fields\": [\"First name\", \"Last name\", \"Email address\"]}}]"}}, {"model": "admin.logentry", "pk": 32, "fields": {"action_time": "2022-09-27T10:03:48.972Z", "user": 1, "content_type": 4, "object_id": "6", "object_repr": "alpha@alpha.com", "action_flag": 2, "change_message": "[{\"changed\": {\"fields\": [\"First name\", \"Last name\"]}}]"}}, {"model": "admin.logentry", "pk": 33, "fields": {"action_time": "2022-09-28T14:38:37.429Z", "user": 1, "content_type": 7, "object_id": "1", "object_repr": "Airpods Wireless Bluetooth Headphones", "action_flag": 2, "change_message": "[{\"changed\": {\"fields\": [\"CountInStock\"]}}]"}}, {"model": "admin.logentry", "pk": 34, "fields": {"action_time": "2022-09-28T14:38:53.437Z", "user": 1, "content_type": 7, "object_id": "1", "object_repr": "Airpods Wireless Bluetooth Headphones", "action_flag": 2, "change_message": "[{\"changed\": {\"fields\": [\"NumReviews\"]}}]"}}, {"model": "admin.logentry", "pk": 35, "fields": {"action_time": "2022-09-28T14:43:36.455Z", "user": 1, "content_type": 7, "object_id": "1", "object_repr": "Airpods Wireless Bluetooth Headphones", "action_flag": 2, "change_message": "[]"}}, {"model": "admin.logentry", "pk": 36, "fields": {"action_time": "2022-09-28T14:43:39.309Z", "user": 1, "content_type": 7, "object_id": "2", "object_repr": "iPhone 11 Pro 256GB Memory", "action_flag": 2, "change_message": "[]"}}, {"model": "admin.logentry", "pk": 37, "fields": {"action_time": "2022-09-28T14:43:45.183Z", "user": 1, "content_type": 7, "object_id": "4", "object_repr": "Sony Playstation 4 Pro White Version", "action_flag": 2, "change_message": "[{\"changed\": {\"fields\": [\"CountInStock\"]}}]"}}, {"model": "admin.logentry", "pk": 38, "fields": {"action_time": "2022-09-28T14:43:50.565Z", "user": 1, "content_type": 7, "object_id": "5", "object_repr": "Logitech G-Series Gaming Mouse", "action_flag": 2, "change_message": "[{\"changed\": {\"fields\": [\"CountInStock\"]}}]"}}, {"model": "admin.logentry", "pk": 39, "fields": {"action_time": "2022-09-28T14:43:55.484Z", "user": 1, "content_type": 7, "object_id": "7", "object_repr": "Sony ZVe10", "action_flag": 2, "change_message": "[{\"changed\": {\"fields\": [\"CountInStock\"]}}]"}}, {"model": "admin.logentry", "pk": 40, "fields": {"action_time": "2022-09-28T14:43:58.071Z", "user": 1, "content_type": 7, "object_id": "6", "object_repr": "Amazon Echo Dot 3rd Generation", "action_flag": 2, "change_message": "[]"}}, {"model": "admin.logentry", "pk": 41, "fields": {"action_time": "2022-09-29T06:12:51.089Z", "user": 1, "content_type": 9, "object_id": "5", "object_repr": "2022-09-29 06:07:56.568112+00:00", "action_flag": 2, "change_message": "[{\"changed\": {\"fields\": [\"IsPaid\", \"PaidAt\"]}}]"}}, {"model": "admin.logentry", "pk": 42, "fields": {"action_time": "2022-09-30T08:37:20.237Z", "user": 1, "content_type": 4, "object_id": "5", "object_repr": "test@test.com", "action_flag": 2, "change_message": "[{\"changed\": {\"fields\": [\"Staff status\"]}}]"}}, {"model": "admin.logentry", "pk": 43, "fields": {"action_time": "2022-10-14T05:07:29.544Z", "user": 1, "content_type": 7, "object_id": "8", "object_repr": "ads", "action_flag": 1, "change_message": "[{\"added\": {}}]"}}, {"model": "admin.logentry", "pk": 44, "fields": {"action_time": "2022-10-14T09:53:54.490Z", "user": 1, "content_type": 4, "object_id": "1", "object_repr": "ghost@gmail.com", "action_flag": 2, "change_message": "[{\"changed\": {\"fields\": [\"Username\"]}}]"}}, {"model": "admin.logentry", "pk": 45, "fields": {"action_time": "2022-10-14T10:05:16.387Z", "user": 1, "content_type": 7, "object_id": "9", "object_repr": "dildo", "action_flag": 1, "change_message": "[{\"added\": {}}]"}}, {"model": "admin.logentry", "pk": 46, "fields": {"action_time": "2022-10-14T10:18:07.165Z", "user": 1, "content_type": 7, "object_id": "8", "object_repr": "dildo", "action_flag": 1, "change_message": "[{\"added\": {}}]"}}, {"model": "admin.logentry", "pk": 47, "fields": {"action_time": "2022-10-14T10:18:30.538Z", "user": 1, "content_type": 7, "object_id": "8", "object_repr": "dildo", "action_flag": 3, "change_message": ""}}, {"model": "admin.logentry", "pk": 48, "fields": {"action_time": "2022-10-17T10:20:37.224Z", "user": 1, "content_type": 11, "object_id": "1", "object_repr": "3", "action_flag": 2, "change_message": "[]"}}, {"model": "auth.user", "pk": 1, "fields": {"password": "pbkdf2_sha256$390000$Q1mjj3myZAOegpXIQOvwoV$4sH476uwQcZB4T//Qte8NLaQwKTlnq5721rHqkMdhY8=", "last_login": "2022-10-14T09:56:27.693Z", "is_superuser": true, "username": "ghost@gmail.com", "first_name": "Bibek", "last_name": "Thapa", "email": "ghost@gmail.com", "is_staff": true, "is_active": true, "date_joined": "2022-09-25T13:24:26Z", "groups": [], "user_permissions": []}}, {"model": "auth.user", "pk": 2, "fields": {"password": "pbkdf2_sha256$390000$XOhJBFrDPEwivpLDGsDnxm$8Ulmdk+KitueW04ovhiYib+ZgqtAtD/PGGkdh+5+H18=", "last_login": null, "is_superuser": false, "username": "yash@gmail.com", "first_name": "Yash", "last_name": "Maharjan", "email": "yash@gmail.com", "is_staff": true, "is_active": true, "date_joined": "2022-09-26T11:15:11Z", "groups": [], "user_permissions": []}}, {"model": "auth.user", "pk": 3, "fields": {"password": "pbkdf2_sha256$390000$oNnHPwACDuJPdB7MLa0FdN$HhO4dEkWFaQLaoEKUv1Sk6cty0QnQntEfuZcMANWehQ=", "last_login": null, "is_superuser": false, "username": "jhon@email.com", "first_name": "Jhon Doe", "last_name": "", "email": "jhon@email.com", "is_staff": false, "is_active": true, "date_joined": "2022-09-26T11:33:47Z", "groups": [], "user_permissions": []}}, {"model": "auth.user", "pk": 5, "fields": {"password": "pbkdf2_sha256$390000$Ozy2YsRBGhfmOFoE2xHtPo$mxaoxzhWcOlzNNWFsuvGtmKEibmXqaqgsRzleY6W+/k=", "last_login": null, "is_superuser": false, "username": "test@test.com", "first_name": "Test", "last_name": "Test", "email": "test@test.com", "is_staff": true, "is_active": true, "date_joined": "2022-09-27T09:45:28Z", "groups": [], "user_permissions": []}}, {"model": "auth.user", "pk": 6, "fields": {"password": "pbkdf2_sha256$390000$nUWCzsKrJSXMCHrOIceCZU$tMjeBWgdkKYjT0ugr82jDGKctIOz/pzlpumfKUd0cTA=", "last_login": null, "is_superuser": false, "username": "alpha@alpha.com", "first_name": "Alpha Male", "last_name": "", "email": "alpha@alpha.com", "is_staff": false, "is_active": true, "date_joined": "2022-09-27T10:02:07Z", "groups": [], "user_permissions": []}}, {"model": "auth.user", "pk": 7, "fields": {"password": "pbkdf2_sha256$390000$xYv3qsnAkbWUzePiKqMOLD$1isYTvs2IG/AxkwUJmgOPozb6L4UhJ17rTvGKfFOGSs=", "last_login": null, "is_superuser": false, "username": "steve@steve.com", "first_name": "Steve", "last_name": "", "email": "steve@steve.com", "is_staff": false, "is_active": true, "date_joined": "2022-09-27T10:48:41.470Z", "groups": [], "user_permissions": []}}, {"model": "auth.user", "pk": 8, "fields": {"password": "pbkdf2_sha256$390000$HETR312oBpY8CZa4wGSSFk$IaYbTI6NQYVsbDmqm01n/WiVTp5lWaip+Z+Ceo+dYeU=", "last_login": null, "is_superuser": false, "username": "water@bottle.com", "first_name": "Water", "last_name": "", "email": "water@bottle.com", "is_staff": false, "is_active": true, "date_joined": "2022-09-30T09:18:33.276Z", "groups": [], "user_permissions": []}}, {"model": "sessions.session", "pk": "6dogr4mikqeg0vmwylzmpnjwp58mdgha", "fields": {"session_data": ".eJxVjEsOAiEQBe_C2hDkJ7h07xlIN3TLqIFkmFkZ766TzEK3r6reSyRYl5rWQXOaijiLozj8bgj5QW0D5Q7t1mXubZknlJsidzrktRd6Xnb376DCqN9aIVurKavAJ1bBc0FNLgD4GDFobZEiOuW8J-PZgI2GAIw1PmR2hsX7A-7LOBI:1ocfeU:OQNdAD6kt5rApx4AG7KPqzzgvSkoF23DEzi5XrWXlZs", "expire_date": "2022-10-10T04:23:30.690Z"}}, {"model": "sessions.session", "pk": "ct830a3crvbcvhp6idjdbp5mcn4loynp", "fields": {"session_data": ".eJxVjEsOAiEQBe_C2hDkJ7h07xlIN3TLqIFkmFkZ766TzEK3r6reSyRYl5rWQXOaijiLozj8bgj5QW0D5Q7t1mXubZknlJsidzrktRd6Xnb376DCqN9aIVurKavAJ1bBc0FNLgD4GDFobZEiOuW8J-PZgI2GAIw1PmR2hsX7A-7LOBI:1ojHQZ:e4CIkPawPTnKB9b_LALEIgfOAvbRzdBsElM26r7i0fw", "expire_date": "2022-10-28T09:56:27.806Z"}}, {"model": "sessions.session", "pk": "lngbailnyq7ied986ieqhr3y7g8gs8hu", "fields": {"session_data": ".eJxVjEsOAiEQBe_C2hDkJ7h07xlIN3TLqIFkmFkZ766TzEK3r6reSyRYl5rWQXOaijiLozj8bgj5QW0D5Q7t1mXubZknlJsidzrktRd6Xnb376DCqN9aIVurKavAJ1bBc0FNLgD4GDFobZEiOuW8J-PZgI2GAIw1PmR2hsX7A-7LOBI:1ojCue:0u5B-AiSFV2XE0nFQ9JcI0bDvjiMX8CSU383mpkwJAA", "expire_date": "2022-10-28T05:07:12.379Z"}}, {"model": "sessions.session", "pk": "nvd5sr6mfmxal6tjkb7ycocbfnl0th6e", "fields": {"session_data": ".eJxVjEsOAiEQBe_C2hDkJ7h07xlIN3TLqIFkmFkZ766TzEK3r6reSyRYl5rWQXOaijiLozj8bgj5QW0D5Q7t1mXubZknlJsidzrktRd6Xnb376DCqN9aIVurKavAJ1bBc0FNLgD4GDFobZEiOuW8J-PZgI2GAIw1PmR2hsX7A-7LOBI:1od4W8:TtKbwXSTd9HWRHbM1LexKoLFAudPc1v_8mI0RRRTKuQ", "expire_date": "2022-10-11T06:56:32.911Z"}}, {"model": "base.product", "pk": 1, "fields": {"user": 1, "name": "Airpods Wireless Bluetooth Headphones", "image": "airpods.jpg", "brand": "Apple", "category": "Electronics", "description": "Bluetooth technology lets you connect it with compatible devices wirelessly High-quality AAC audio offers immersive listening experience Built-in microphone allows you to take calls while working", "rating": "4.50", "numReviews": 15, "price": "39.00", "countInStock": 40, "createdAt": "2022-09-26T01:38:55.527Z"}}, {"model": "base.product", "pk": 2, "fields": {"user": 1, "name": "iPhone 11 Pro 256GB Memory", "image": "phone.jpg", "brand": "Apple", "category": "Electronics", "description": "Introducing the iPhone 11 Pro. A transformative triple-camera system that adds tons of capability without complexity. An unprecedented leap in battery life", "rating": "3.50", "numReviews": 2, "price": "599.99", "countInStock": 0, "createdAt": "2022-09-26T02:39:43.967Z"}}, {"model": "base.product", "pk": 3, "fields": {"user": 1, "name": "Cannon EOS 80D DSLR Camera", "image": "camera.jpg", "brand": "Cannon", "category": "Electronics", "description": "Characterized by versatile imaging specs, the Canon EOS 80D further clarifies itself using a pair of robust focusing systems and an intuitive design", "rating": "3.00", "numReviews": 12, "price": "929.99", "countInStock": 2, "createdAt": "2022-09-26T02:40:49.513Z"}}, {"model": "base.product", "pk": 4, "fields": {"user": 1, "name": "Sony Playstation 4 Pro White Version", "image": "playstation.jpg", "brand": "Sony", "category": "Electronics", "description": "The ultimate home entertainment center starts with PlayStation. Whether you are into gaming, HD movies, television, music", "rating": "5.00", "numReviews": 12, "price": "399.99", "countInStock": 49, "createdAt": "2022-09-26T03:08:59.589Z"}}, {"model": "base.product", "pk": 5, "fields": {"user": 1, "name": "Logitech G-Series Gaming Mouse", "image": "mouse.jpg", "brand": "Logitech", "category": "Electronics", "description": "Get a better handle on your games with this Logitech LIGHTSYNC gaming mouse. The six programmable buttons allow customization for a smooth playing experience", "rating": "3.50", "numReviews": 10, "price": "49.99", "countInStock": 49, "createdAt": "2022-09-26T03:10:05.159Z"}}, {"model": "base.product", "pk": 6, "fields": {"user": 1, "name": "Amazon Echo Dot 3rd Generation", "image": "alexa.jpg", "brand": "Amazon", "category": "Electronics", "description": "Meet Echo Dot - Our most popular smart speaker with a fabric design. It is our most compact smart speaker that fits perfectly into small space", "rating": "4.00", "numReviews": 12, "price": "29.99", "countInStock": 0, "createdAt": "2022-09-26T03:11:00.383Z"}}, {"model": "base.product", "pk": 7, "fields": {"user": 1, "name": "Sony ZVe10", "image": "camera_y02EFaa.jpg", "brand": "Sony", "category": "Electronics", "description": "High end Camera at low Price", "rating": "4.80", "numReviews": 2, "price": "400.00", "countInStock": 50, "createdAt": "2022-09-26T03:30:06.518Z"}}, {"model": "base.product", "pk": 15, "fields": {"user": 5, "name": "Ball", "image": "graham-holtshausen-fUnfEz3VLv4-unsplash.jpg", "brand": "Adidas", "category": "Sports", "description": "Boll", "rating": null, "numReviews": 0, "price": "10.00", "countInStock": 100, "createdAt": "2022-10-17T07:57:44.610Z"}}, {"model": "base.review", "pk": 1, "fields": {"product": 2, "user": 1, "name": "Bibek", "rating": 3, "comment": "Good Product", "createdAt": "2022-10-17T10:27:31.416Z"}}, {"model": "base.review", "pk": 2, "fields": {"product": 2, "user": 6, "name": "Alpha Male", "rating": 4, "comment": "Epicc", "createdAt": "2022-10-17T14:20:43.203Z"}}, {"model": "base.order", "pk": 1, "fields": {"user": 5, "paymentMethod": "PayPal", "taxPrice": "5.07", "shippingPrice": "20.00", "totalPrice": "64.07", "isPaid": false, "paidAt": null, "isDelivered": false, "deliveredAt": null, "createdAt": "2022-09-28T14:36:38.084Z"}}, {"model": "base.order", "pk": 2, "fields": {"user": 5, "paymentMethod": "PayPal", "taxPrice": "57.07", "shippingPrice": "20.00", "totalPrice": "516.06", "isPaid": false, "paidAt": null, "isDelivered": false, "deliveredAt": null, "createdAt": "2022-09-28T14:44:35.295Z"}}, {"model": "base.order", "pk": 3, "fields": {"user": 6, "paymentMethod": "PayPal", "taxPrice": "120.90", "shippingPrice": "0.00", "totalPrice": "1050.89", "isPaid": false, "paidAt": null, "isDelivered": false, "deliveredAt": null, "createdAt": "2022-09-29T04:49:34.757Z"}}, {"model": "base.order", "pk": 4, "fields": {"user": 6, "paymentMethod": "PayPal", "taxPrice": "127.40", "shippingPrice": "0.00", "totalPrice": "1107.38", "isPaid": false, "paidAt": null, "isDelivered": false, "deliveredAt": null, "createdAt": "2022-09-29T05:05:55.286Z"}}, {"model": "base.order", "pk": 5, "fields": {"user": 5, "paymentMethod": "PayPal", "taxPrice": "5.07", "shippingPrice": "20.00", "totalPrice": "64.07", "isPaid": true, "paidAt": "2022-09-29T06:12:50Z", "isDelivered": false, "deliveredAt": null, "createdAt": "2022-09-29T06:07:56.568Z"}}, {"model": "base.order", "pk": 6, "fields": {"user": 5, "paymentMethod": "PayPal", "taxPrice": "120.90", "shippingPrice": "0.00", "totalPrice": "1050.89", "isPaid": true, "paidAt": "2022-09-30T13:42:10.058Z", "isDelivered": false, "deliveredAt": null, "createdAt": "2022-09-30T07:56:41.570Z"}}, {"model": "base.order", "pk": 7, "fields": {"user": 5, "paymentMethod": "PayPal", "taxPrice": "5.07", "shippingPrice": "20.00", "totalPrice": "64.07", "isPaid": true, "paidAt": "2022-10-01T11:11:59.446Z", "isDelivered": false, "deliveredAt": null, "createdAt": "2022-10-01T05:26:38.688Z"}}, {"model": "base.order", "pk": 8, "fields": {"user": 6, "paymentMethod": "PayPal", "taxPrice": "62.14", "shippingPrice": "20.00", "totalPrice": "560.14", "isPaid": true, "paidAt": "2022-10-02T13:39:47.377Z", "isDelivered": false, "deliveredAt": null, "createdAt": "2022-10-02T07:53:58.295Z"}}, {"model": "base.orderitem", "pk": 1, "fields": {"product": 1, "order": 1, "name": "Airpods Wireless Bluetooth Headphones", "qty": 1, "price": "39.00", "image": "/images/airpods.jpg"}}, {"model": "base.orderitem", "pk": 2, "fields": {"product": 1, "order": 2, "name": "Airpods Wireless Bluetooth Headphones", "qty": 1, "price": "39.00", "image": "/images/airpods.jpg"}}, {"model": "base.orderitem", "pk": 3, "fields": {"product": 4, "order": 2, "name": "Sony Playstation 4 Pro White Version", "qty": 1, "price": "399.99", "image": "/images/playstation.jpg"}}, {"model": "base.orderitem", "pk": 4, "fields": {"product": 3, "order": 3, "name": "Cannon EOS 80D DSLR Camera", "qty": 1, "price": "929.99", "image": "/images/camera.jpg"}}, {"model": "base.orderitem", "pk": 5, "fields": {"product": 3, "order": 4, "name": "Cannon EOS 80D DSLR Camera", "qty": 1, "price": "929.99", "image": "/images/camera.jpg"}}, {"model": "base.orderitem", "pk": 6, "fields": {"product": 5, "order": 4, "name": "Logitech G-Series Gaming Mouse", "qty": 1, "price": "49.99", "image": "/images/mouse.jpg"}}, {"model": "base.orderitem", "pk": 7, "fields": {"product": 1, "order": 5, "name": "Airpods Wireless Bluetooth Headphones", "qty": 1, "price": "39.00", "image": "/images/airpods.jpg"}}, {"model": "base.orderitem", "pk": 8, "fields": {"product": 3, "order": 6, "name": "Cannon EOS 80D DSLR Camera", "qty": 1, "price": "929.99", "image": "/images/camera.jpg"}}, {"model": "base.orderitem", "pk": 9, "fields": {"product": 1, "order": 7, "name": "Airpods Wireless Bluetooth Headphones", "qty": 1, "price": "39.00", "image": "/images/airpods.jpg"}}, {"model": "base.orderitem", "pk": 10, "fields": {"product": 1, "order": 8, "name": "Airpods Wireless Bluetooth Headphones", "qty": 2, "price": "39.00", "image": "/images/airpods.jpg"}}, {"model": "base.orderitem", "pk": 11, "fields": {"product": 7, "order": 8, "name": "Sony ZVe10", "qty": 1, "price": "400.00", "image": "/images/camera_y02EFaa.jpg"}}, {"model": "base.shippingaddress", "pk": 1, "fields": {"order": 1, "address": "Kirtipur", "city": "Kathmandu", "postalCode": "44260", "country": "Nepal", "shippingPrice": null}}, {"model": "base.shippingaddress", "pk": 2, "fields": {"order": 2, "address": "Kirtipur", "city": "Kathmandu", "postalCode": "44260", "country": "Nepal", "shippingPrice": null}}, {"model": "base.shippingaddress", "pk": 3, "fields": {"order": 3, "address": "Tarkeswor-9,Kathmandu", "city": "Kathmandu", "postalCode": "8800", "country": "Nepal", "shippingPrice": null}}, {"model": "base.shippingaddress", "pk": 4, "fields": {"order": 4, "address": "Tarkeswor-9,Kathmandu", "city": "Kathmandu", "postalCode": "8800", "country": "Nepal", "shippingPrice": null}}, {"model": "base.shippingaddress", "pk": 5, "fields": {"order": 5, "address": "Kirtipur", "city": "Kathmandu", "postalCode": "44260", "country": "Nepal", "shippingPrice": null}}, {"model": "base.shippingaddress", "pk": 6, "fields": {"order": 6, "address": "Kirtipur", "city": "Kathmandu", "postalCode": "44260", "country": "Nepal", "shippingPrice": null}}, {"model": "base.shippingaddress", "pk": 7, "fields": {"order": 7, "address": "Kirtipur", "city": "Kathmandu", "postalCode": "44260", "country": "Nepal", "shippingPrice": null}}, {"model": "base.shippingaddress", "pk": 8, "fields": {"order": 8, "address": "Kirtipur", "city": "Kathmandu", "postalCode": "44260", "country": "Nepal", "shippingPrice": null}}]
